grad_norm,proxy,step_0,step_1,step_2,step_3,step_4,grad_0,grad_1,grad_2,grad_3,grad_4
38427.81492800403,1152.0498344491314,0.9899999639991393,-1.0399999821433423,0.0,-0.029989976094952908,1.000476386536775e-05,-0.26449561118319015,0.13224780559159507,0.0,-38427.814841270425,-2.5648623704910265
28487.600796125706,21.791307570570254,-0.483330148690574,1.0103958646773217,0.599999998189536,0.00413820237245961,0.11863401620708174,-235.54824291982425,117.78622865685533,0.0,-28475.54162144283,-785.8574390403518
48405.40567530122,-441.30048617646764,0.24663960634974924,0.49420916900530404,1.81046400093976e-09,0.0045399904786066,0.0796194385841371,-837.8941565511087,418.9740866302174,0.0,-48315.69828096601,-2792.6675975294793
10952624.974512992,-4877187.90464173,0.2366905783416855,0.49539494846071674,0.0,0.0744787539432044,0.8017365404449158,-1633067.6134206143,816533.9101777663,0.0,-9449648.424973574,-5227858.167571754
10952624.974512992,0.0,0.0,0.0,0.0,0.0,0.0,-1633067.6134206143,816533.9101777663,0.0,-9449648.424973574,-5227858.167571754
